{
    "foreground_intensity_properties_per_channel": {
        "0": {
            "max": 3096.0,
            "mean": 817.7688598632812,
            "median": 750.0,
            "min": -1000.0,
            "percentile_00_5": -737.0,
            "percentile_99_5": 3096.0,
            "std": 835.4833984375
        }
    },
    "median_relative_size_after_cropping": 1.0,
    "shapes_after_crop": [
        [
            578,
            448,
            50
        ],
        [
            294,
            320,
            17
        ],
        [
            389,
            320,
            18
        ],
        [
            553,
            448,
            27
        ],
        [
            512,
            512,
            17
        ],
        [
            512,
            512,
            17
        ],
        [
            384,
            384,
            15
        ],
        [
            464,
            320,
            19
        ],
        [
            896,
            896,
            15
        ]
    ],
    "spacings": [
        [
            0.5006067156791687,
            0.625,
            3.3211472034454346
        ],
        [
            0.8893051147460938,
            0.8125,
            4.786365509033203
        ],
        [
            0.6741794347763062,
            0.8125,
            4.821372985839844
        ],
        [
            0.5105860233306885,
            0.625,
            3.319627523422241
        ],
        [
            0.5859375,
            0.5859375,
            3.299999952316284
        ],
        [
            0.5859375,
            0.5859375,
            3.299999952316284
        ],
        [
            0.7291666865348816,
            0.7291666865348816,
            4.400000095367432
        ],
        [
            0.5667316913604736,
            0.8125,
            4.835180282592773
        ],
        [
            0.3125,
            0.3125,
            4.400000095367432
        ]
    ]
}